id,id2,name,population,median_age,median_income,bachelors_or_above_25_and_up,below_poverty,total_estimate,percentage_with_internet,percentage_without_internet,percentage_with_dialup,with_internet_subscription_estimate,dial_up_estimate,no_internet_estimate,description
1600000US4857200,4857200,"Pharr, Texas",73785,27.6,41556,0.137,0.344,19788,0.500050536,0.4999,0.33,9895,66,9893,
1600000US2629000,2629000,"Flint, Michigan",99758,36.5,23131,0.106,0.418,40647,0.534578198,0.4654,0.53,21729,215,18918,
1600000US1349000,1349000,"Macon, Georgia",90107,32.6,24623,0.168,0.386,31529,0.553680738,0.4463,0.8,17457,253,14072,
1600000US0669196,669196,"Santa Maria, California",102205,28,44547,0.09,0.211,27198,0.560923597,0.4391,1.3,15256,353,11942,
1600000US0937000,937000,"Hartford, Connecticut",125035,30,27417,0.162,0.352,46212,0.577187743,0.4228,0.5,26673,229,19539,
1600000US0622230,622230,"El Monte, California",115685,35.5,31852,0.118,0.274,31419,0.580190331,0.4198,1.07,18229,337,13190,
1600000US1827000,1827000,"Gary, Indiana",75375,38.5,26286,0.14,0.41,30144,0.587347399,0.4127,0.44,17705,133,12439,
1600000US4841464,4841464,"Laredo, Texas",249085,28.8,40599,0.173,0.307,65685,0.598447134,0.4016,0.6,39309,391,26376,
1600000US1077580,1077580,"Wilmington, Delaware",71520,33.1,37861,0.225,0.266,27874,0.600559661,0.3994,1.24,16740,347,11134,
1600000US2622000,2622000,"Detroit, Michigan",688740,35.2,24820,0.13,0.407,255322,0.600806041,0.3992,0.91,153399,2318,101923,
1600000US4832372,4832372,"Harlingen, Texas",65677,34.9,38908,0.174,0.215,20298,0.60114297,0.3989,1.41,12202,287,8096,
1600000US1230000,1230000,"Hialeah, Florida",233394,43.3,27371,0.13,0.304,70280,0.606602163,0.3934,1.44,42632,1013,27648,
1600000US0107000,107000,"Birmingham, Alabama",211933,35.8,31152,0.259,0.307,88847,0.610273842,0.3897,0.71,54221,635,34626,
1600000US4810768,4810768,"Brownsville, Texas",181850,29.3,33821,0.184,0.348,49682,0.610724206,0.3893,0.27,30342,135,19340,
1600000US2836000,2836000,"Jackson, Mississippi",172585,31.9,29811,0.259,0.349,64218,0.612071382,0.3879,0.94,39306,604,24912,
1600000US3410000,3410000,"Camden, New Jersey",76903,29.6,22043,0.065,0.426,26533,0.613236347,0.3868,0.87,16271,231,10262,
1600000US3988000,3988000,"Youngstown, Ohio",65174,39.5,24767,0.108,0.402,26384,0.616055185,0.3839,0.73,16254,192,10130,
1600000US4263624,4263624,"Reading, Pennsylvania",87894,29.1,25567,0.091,0.396,29758,0.620169366,0.3798,0.89,18455,264,11303,
1600000US0620802,620802,"East Los Angeles CDP, California",137967,29.3,40177,0.06,0.259,32464,0.623706259,0.3763,0.94,20248,306,12216,
1600000US1245000,1245000,"Miami, Florida",417670,38.9,31070,0.25,0.289,154556,0.631939232,0.3681,0.94,97670,1448,56886,
1600000US1245060,1245060,"Miami Gardens, Florida",111381,34.6,39064,0.143,0.221,31541,0.636441457,0.3636,0.42,20074,131,11467,
1600000US3916000,3916000,"Cleveland, Ohio",390106,34.9,26096,0.165,0.369,164400,0.638667883,0.3613,0.53,104997,868,59403,
1600000US3474000,3474000,"Trenton, New Jersey",84344,33.6,36803,0.116,0.229,27633,0.639054753,0.3609,1.61,17659,444,9974,
1600000US0952000,952000,"New Haven, Connecticut",130654,30.7,36196,0.316,0.235,49986,0.641119513,0.3589,0.42,32047,211,17939,
1600000US1236950,1236950,"Kissimmee, Florida",65186,37.4,35040,0.139,0.284,20476,0.64255714,0.3574,3.56,13157,728,7319,
1600000US1822000,1822000,"Evansville, Indiana",117439,38.2,32414,0.193,0.25,49611,0.646650944,0.3533,1.47,32081,727,17530,
1600000US4848768,4848768,"Mission, Texas",81047,29.3,41639,0.209,0.249,25009,0.648726458,0.3513,2.69,16224,672,8785,
1600000US3912000,3912000,"Canton, Ohio",72551,38.6,25817,0.141,0.333,30184,0.651371588,0.3486,0.97,19661,293,10523,
1600000US2545000,2545000,"New Bedford, Massachusetts",95079,37.5,33098,0.15,0.292,41489,0.651787221,0.3482,0.24,27042,101,14447,
1600000US1301052,1301052,"Albany, Georgia",76151,31.4,28921,0.172,0.32,27502,0.655697767,0.3443,0.2,18033,54,9469,
1600000US2523000,2523000,"Fall River, Massachusetts",88686,38.5,32209,0.128,0.228,38846,0.655820419,0.3442,0.75,25476,292,13370,
1600000US4807000,4807000,"Beaumont, Texas",117808,35.6,40322,0.225,0.196,44792,0.656389534,0.3436,1.29,29401,576,15391,
1600000US3921000,3921000,"Dayton, Ohio",143355,34.4,28965,0.184,0.338,59009,0.658018268,0.342,0.69,38829,410,20180,
1600000US3663000,3663000,"Rochester, New York",210345,31.3,30158,0.239,0.354,86482,0.659489836,0.3405,0.51,57034,444,29448,
1600000US3457000,3457000,"Paterson, New Jersey",145952,33.3,30733,0.1,0.312,44262,0.660046993,0.34,0.6,29215,264,15047,
1600000US2255000,2255000,"New Orleans, Louisiana",378715,35.4,36631,0.36,0.267,158354,0.661694684,0.3383,0.35,104782,555,53572,
1600000US0980000,980000,"Waterbury, Connecticut",109687,34.4,36736,0.149,0.271,39856,0.663262746,0.3367,0.45,26435,178,13421,
1600000US3665508,3665508,"Schenectady, New York",65915,35,36673,0.224,0.265,25054,0.663367127,0.3366,0.37,16620,92,8434,
1600000US0150000,150000,"Mobile, Alabama",194879,36.9,36150,0.252,0.252,74111,0.665447774,0.3346,0.9,49317,670,24794,
1600000US2208920,2208920,"Bossier City, Louisiana",66334,31.8,45675,0.306,0.202,25109,0.670596201,0.3294,0.16,16838,39,8271,
1600000US2036000,2036000,"Kansas City, Kansas",148112,32.9,37789,0.153,0.27,52588,0.672491823,0.3275,0.86,35365,452,17223,
1600000US3611000,3611000,"Buffalo, New York",258945,33.4,32392,0.252,0.314,109511,0.674197113,0.3258,1.01,73832,1105,35679,
1600000US1224125,1224125,"Fort Myers, Florida",68184,38.9,31570,0.231,0.322,21529,0.675042965,0.325,1.47,14533,317,6996,
1600000US0524550,524550,"Fort Smith, Arkansas",87654,33.7,34274,0.212,0.274,34603,0.676444239,0.3236,1.17,23407,405,11196,
1600000US4748000,4748000,"Memphis, Tennessee",653450,33,36722,0.253,0.277,250302,0.676702543,0.3233,0.51,169380,1273,80922,
1600000US3451000,3451000,"Newark, New Jersey",278436,32.5,32973,0.132,0.304,93022,0.677581647,0.3224,0.21,63030,194,29992,
1600000US2534550,2534550,"Lawrence, Massachusetts",77665,30.5,36187,0.115,0.262,24206,0.678178964,0.3218,0.43,16416,103,7790,
1600000US2270000,2270000,"Shreveport, Louisiana",200191,34.6,35772,0.259,0.248,77784,0.679445644,0.3206,0.51,52850,398,24934,
1600000US2965000,2965000,"St. Louis, Missouri",318416,34.7,34488,0.319,0.266,140536,0.681113736,0.3189,0.39,95721,547,44815,
1600000US3944856,3944856,"Lorain, Ohio",63706,36.9,32494,0.115,0.301,25029,0.681449519,0.3186,1.28,17056,321,7973,
1600000US3901000,3901000,"Akron, Ohio",198095,36.4,34300,0.206,0.26,81989,0.681518252,0.3185,0.79,55877,646,26112,
1600000US1239550,1239550,"Lauderhill, Florida",69793,32.3,34280,0.203,0.232,22734,0.682106097,0.3179,0.11,15507,25,7227,
1600000US2241155,2241155,"Lake Charles, Louisiana",74032,34.1,36708,0.214,0.211,30111,0.684633523,0.3154,0.23,20615,69,9496,
1600000US1871000,1871000,"South Bend, Indiana",101975,34,34446,0.232,0.281,40476,0.686851468,0.3131,1.92,27801,779,12675,
1600000US1714351,1714351,"Cicero, Illinois",84107,28.3,37232,0.059,0.24,22233,0.687536545,0.3125,1.86,15286,413,6947,
1600000US4550875,4550875,"North Charleston, South Carolina",101838,31.5,40667,0.216,0.238,37024,0.688121219,0.3119,0.31,25477,115,11547,
1600000US3673000,3673000,"Syracuse, New York",144675,30.7,31683,0.257,0.332,55060,0.688158373,0.3118,0.38,37890,208,17170,
1600000US5553000,5553000,"Milwaukee, Wisconsin",599168,31.1,35186,0.232,0.29,231386,0.688274139,0.3117,0.63,159257,1469,72129,
1600000US4801000,4801000,"Abilene, Texas",119036,30.9,43059,0.246,0.195,42519,0.689362403,0.3106,0.34,29311,146,13208,
1600000US0950370,950370,"New Britain, Connecticut",72941,34.1,42778,0.168,0.205,26998,0.689569598,0.3104,1.98,18617,535,8381,
1600000US4955980,4955980,"Ogden, Utah",84239,30.5,39357,0.189,0.225,29414,0.689909567,0.3101,0.91,20293,267,9121,
1600000US0427820,427820,"Glendale, Arizona",234618,34.2,41037,0.212,0.263,79503,0.690225526,0.3098,0.26,54875,209,24628,
1600000US1973335,1973335,"Sioux City, Iowa",81325,35.2,44073,0.188,0.158,30982,0.692466594,0.3075,2.45,21454,760,9528,
1600000US2567000,2567000,"Springfield, Massachusetts",153694,32.7,34734,0.188,0.303,55448,0.693875343,0.3061,0.67,38474,373,16974,
1600000US2404000,2404000,"Baltimore, Maryland",622104,34.6,42266,0.287,0.233,244114,0.696387753,0.3036,0.86,169998,2095,74116,
1600000US4561405,4561405,"Rock Hill, South Carolina",69104,32.9,39778,0.275,0.175,26168,0.696881688,0.3031,0.16,18236,41,7932,
1600000US0862000,862000,"Pueblo, Colorado",108247,37.4,33784,0.191,0.244,42204,0.69701924,0.303,0.89,29417,375,12787,
1600000US3915000,3915000,"Cincinnati, Ohio",297498,32.5,34605,0.319,0.313,133301,0.697219076,0.3028,0.8,92940,1066,40361,
1600000US4224000,4224000,"Erie, Pennsylvania",100676,34.2,32508,0.242,0.292,40914,0.701398054,0.2986,0.93,28697,380,12217,
1600000US3977000,3977000,"Toledo, Ohio",282313,36.1,31907,0.172,0.282,118526,0.701643521,0.2984,0.86,83163,1016,35363,
1600000US4260000,4260000,"Philadelphia, Pennsylvania",1553165,33.7,36836,0.252,0.263,582528,0.701653826,0.2983,0.8,408733,4663,173795,
1600000US0121184,121184,"Dothan, Alabama",67296,38.1,41082,0.244,0.187,26550,0.70354049,0.2965,3,18679,796,7871,
1600000US2239475,2239475,"Kenner, Louisiana",66975,39.3,50372,0.231,0.142,24845,0.703602334,0.2964,1.26,17481,313,7364,
1600000US4269000,4269000,"Scranton, Pennsylvania",75814,34.4,38810,0.231,0.212,26682,0.703995203,0.296,1.55,18784,413,7898,
1600000US1304204,1304204,"Augusta-Richmond County consolidated government (balance), Georgia",196711,33.4,35558,0.227,0.273,69075,0.704277959,0.2957,0.67,48648,464,20427,
1600000US4737640,4737640,"Jackson, Tennessee",67685,37.7,36610,0.308,0.259,25638,0.70465715,0.2953,0.59,18066,150,7572,
1600000US2684000,2684000,"Warren, Michigan",134875,39.7,41953,0.171,0.199,54898,0.705471966,0.2945,0.72,38729,394,16169,
1600000US0615044,615044,"Compton, California",97872,30,42613,0.058,0.26,22811,0.707421858,0.2926,2.34,16137,533,6674,
1600000US1718823,1718823,"Decatur, Illinois",72842,37.3,38974,0.212,0.247,30507,0.707509752,0.2925,0.99,21584,302,8923,
1600000US0177256,177256,"Tuscaloosa, Alabama",95334,27.9,39236,0.327,0.223,32945,0.708544544,0.2915,0.45,23343,149,9602,
1600000US4459000,4459000,"Providence, Rhode Island",177995,29.1,36378,0.298,0.319,60595,0.709745028,0.2903,0.19,43007,118,17588,
1600000US0673080,673080,"South Gate, California",95664,32.4,47100,0.069,0.189,23076,0.711301785,0.2887,0.47,16414,109,6662,
1600000US4876000,4876000,"Waco, Texas",129031,27.7,32149,0.207,0.291,46626,0.711534337,0.2885,0.76,33176,353,13450,
1600000US3474630,3474630,"Union City, New Jersey",68248,35.1,40653,0.18,0.274,21810,0.711921137,0.2881,0.39,15527,86,6283,
1600000US0665000,665000,"San Bernardino, California",213700,30,37440,0.115,0.344,56274,0.712158368,0.2878,1.09,40076,612,16198,
1600000US4824000,4824000,"El Paso, Texas",674438,32.2,41129,0.228,0.209,219332,0.712549924,0.2875,0.87,156285,1907,63047,
1600000US5168000,5168000,"Roanoke, Virginia",98465,37.5,36651,0.232,0.249,42759,0.71287916,0.2871,0.67,30482,288,12277,
1600000US1276600,1276600,"West Palm Beach, Florida",102433,40,43070,0.318,0.223,40851,0.71334851,0.2867,0.82,29141,336,11710,
1600000US4714000,4714000,"Chattanooga, Tennessee",173375,36.3,39475,0.26,0.254,68523,0.713847905,0.2862,0.39,48915,264,19608,
1600000US4202000,4202000,"Allentown, Pennsylvania",118577,32.7,36655,0.155,0.292,39767,0.714512033,0.2855,0.9,28414,356,11353,
1600000US4819000,4819000,"Dallas, Texas",1257676,32.1,41978,0.307,0.244,476733,0.715480153,0.2845,0.48,341093,2303,135640,
1600000US2964550,2964550,"St. Joseph, Missouri",77845,35.3,41532,0.171,0.196,27774,0.716533449,0.2835,1.19,19901,330,7873,
1600000US3456550,3456550,"Passaic, New Jersey",70876,29.3,37332,0.131,0.295,19749,0.716947694,0.2831,0.61,14159,120,5590,
1600000US2537000,2537000,"Lowell, Massachusetts",108868,32.4,42270,0.227,0.225,38499,0.717680979,0.2823,0.55,27630,211,10869,
1600000US0633434,633434,"Hesperia, California",92159,30.4,42990,0.082,0.276,25290,0.717833136,0.2822,0.81,18154,205,7136,
1600000US5566000,5566000,"Racine, Wisconsin",78204,34.7,41886,0.175,0.22,28878,0.718540065,0.2815,1.31,20750,377,8128,
1600000US2686000,2686000,"Westland, Michigan",82586,39.6,41414,0.177,0.158,34655,0.719636416,0.2804,0.37,24939,129,9716,
1600000US5353545,5353545,"Pasco, Washington",70345,28.8,55844,0.135,0.174,20288,0.720277997,0.2797,0.94,14613,191,5675,
1600000US1216725,1216725,"Deerfield Beach, Florida",78045,43.2,42090,0.229,0.184,31188,0.7240926,0.2759,0.81,22583,254,8605,
1600000US3421000,3421000,"Elizabeth, New Jersey",127552,31.9,42386,0.112,0.162,39976,0.725235141,0.2748,2.25,28992,900,10984,
1600000US0675000,675000,"Stockton, California",298115,32.3,42114,0.162,0.276,90883,0.725284157,0.2747,0.77,65916,703,24967,
1600000US2205000,2205000,"Baton Rouge, Louisiana",229405,31.8,38321,0.313,0.28,88748,0.725436066,0.2746,0.76,64381,677,24367,
1600000US4843888,4843888,"Longview, Texas",81683,32.8,38352,0.178,0.18,30842,0.725925686,0.2741,0.55,22389,169,8453,
1600000US1831000,1831000,"Hammond, Indiana",78958,32.1,38587,0.117,0.214,28508,0.727164305,0.2728,1.25,20730,355,7778,
1600000US2970000,2970000,"Springfield, Missouri",164133,32.2,30445,0.248,0.297,72173,0.727349563,0.2727,0.72,52495,522,19678,
1600000US4740000,4740000,"Knoxville, Tennessee",183261,32.9,35254,0.306,0.261,80265,0.727390519,0.2726,0.59,58384,470,21881,
1600000US2829700,2829700,"Gulfport, Mississippi",71022,35.4,38119,0.204,0.256,28591,0.727711518,0.2723,0.74,20806,211,7785,
1600000US0602364,602364,"Apple Valley, California",70923,42.4,48734,0.159,0.195,23885,0.729118694,0.2709,0.91,17415,217,6470,
1600000US1369000,1369000,"Savannah, Georgia",142772,32.3,36198,0.297,0.244,53017,0.72921893,0.2708,0.52,38661,275,14356,
1600000US0654652,654652,"Oxnard, California",203014,31.1,60693,0.149,0.177,50820,0.729712712,0.2703,0.62,37084,313,13736,
1600000US0627000,627000,"Fresno, California",509965,30,40179,0.206,0.328,161474,0.730352874,0.2696,1.67,117933,2696,43541,
1600000US0404720,404720,"Avondale, Arizona",78817,32.1,51206,0.19,0.191,24013,0.730770832,0.2692,1.58,17548,380,6465,
1600000US0636448,636448,"Indio, California",83546,32.7,51202,0.195,0.188,26368,0.731113471,0.2689,0.11,19278,28,7090,
1600000US4856000,4856000,"Pasadena, Texas",152734,30.1,46157,0.139,0.237,45715,0.732647927,0.2674,0.59,33493,268,12222,
1600000US1919000,1919000,"Davenport, Iowa",102165,35.8,45034,0.29,0.201,40801,0.732776157,0.2672,1.54,29898,629,10903,
1600000US0550450,550450,"North Little Rock, Arkansas",66086,34.6,42811,0.279,0.238,25589,0.733244754,0.2668,0.5,18763,128,6826,
1600000US4875428,4875428,"Victoria, Texas",65097,35.3,50592,0.161,0.164,23729,0.733322095,0.2667,0.99,17401,236,6328,
1600000US4806128,4806128,"Baytown, Texas",76327,35.1,43488,0.137,0.189,25976,0.733407761,0.2666,1.47,19051,381,6925,
1600000US2079000,2079000,"Wichita, Kansas",386558,34,43538,0.288,0.179,151213,0.734348237,0.2657,0.76,111043,1154,40170,
1600000US0566080,566080,"Springdale, Arkansas",73795,32,42050,0.187,0.239,26134,0.734522079,0.2655,0,19196,0,6938,
1600000US2071000,2071000,"Topeka, Kansas",127702,39.1,41327,0.26,0.213,54304,0.7346236,0.2654,1.36,39893,740,14411,
1600000US4206088,4206088,"Bethlehem, Pennsylvania",74241,37.9,45263,0.26,0.174,29325,0.735174766,0.2648,0.99,21559,291,7766,
1600000US1765000,1765000,"Rockford, Illinois",152618,35.2,40215,0.201,0.232,58122,0.735728296,0.2643,1.43,42762,829,15360,
1600000US4864472,4864472,"San Angelo, Texas",100111,33.4,44516,0.22,0.132,37998,0.735959787,0.264,0.48,27965,182,10033,
1600000US0485540,485540,"Yuma, Arizona",91915,31,44545,0.152,0.112,32012,0.737754592,0.2622,0.64,23617,206,8395,
1600000US1982425,1982425,"Waterloo, Iowa",68366,35.6,38902,0.174,0.2,29123,0.738110772,0.2619,0.57,21496,165,7627,
1600000US4075000,4075000,"Tulsa, Oklahoma",398724,34.7,41495,0.31,0.197,162992,0.738177334,0.2618,0.46,120317,742,42675,
1600000US1759000,1759000,"Peoria, Illinois",116575,33,42189,0.337,0.238,47061,0.738297104,0.2617,1.04,34745,491,12316,
1600000US3615000,3615000,"Cheektowaga CDP, New York",74338,43.2,46990,0.233,0.134,34788,0.738415546,0.2616,1.15,25688,399,9100,
1600000US5164000,5164000,"Portsmouth, Virginia",96205,35,43904,0.21,0.213,36012,0.738864823,0.2611,0.9,26608,323,9404,
1600000US4872176,4872176,"Temple, Texas",70182,34.9,46590,0.261,0.206,23926,0.739613809,0.2604,1.02,17696,243,6230,
1600000US0644574,644574,"Lynwood, California",71387,27.6,38817,0.066,0.29,15031,0.739671346,0.2603,3.81,11118,573,3913,
1600000US5539225,5539225,"Kenosha, Wisconsin",99887,34.7,42274,0.19,0.221,38324,0.739901889,0.2601,1.02,28356,389,9968,
1600000US1836003,1836003,"Indianapolis (balance), Indiana",838425,34,41361,0.277,0.216,326395,0.740136951,0.2599,0.83,241577,2724,84818,
1600000US4516000,4516000,"Columbia, South Carolina",133377,28.1,41095,0.393,0.241,44222,0.74028764,0.2597,0.37,32737,165,11485,
1600000US1319000,1319000,"Columbus, Georgia",202824,33.4,40499,0.233,0.231,71861,0.740485103,0.2595,0.29,53212,207,18649,
1600000US4147000,4147000,"Medford, Oregon",77680,35.1,39798,0.266,0.23,29201,0.741139002,0.2589,0.35,21642,103,7559,
1600000US0640130,640130,"Lancaster, California",159521,32.7,45616,0.17,0.215,50583,0.741968646,0.258,0.28,37531,140,13052,
1600000US1779293,1779293,"Waukegan, Illinois",90252,30.7,46015,0.183,0.198,29835,0.74248366,0.2575,0.11,22152,33,7683,
1600000US5167000,5167000,"Richmond, Virginia",214114,32.8,39193,0.358,0.257,88110,0.742753376,0.2572,1.32,65444,1161,22666,
1600000US0648354,648354,"Modesto, California",204925,33.9,46329,0.188,0.215,69496,0.74325141,0.2567,1.35,51653,939,17843,
1600000US3775000,3775000,"Winston-Salem, North Carolina",236457,35.1,37322,0.346,0.267,94074,0.743393499,0.2566,0.77,69934,725,24140,
1600000US5380010,5380010,"Yakima, Washington",93260,33.2,36116,0.165,0.228,32560,0.744133907,0.2559,0.96,24229,313,8331,
1600000US0646898,646898,"Merced, California",81089,28.9,35482,0.168,0.351,24848,0.744566967,0.2554,1.1,18501,274,6347,
1600000US1851876,1851876,"Muncie, Indiana",70107,29,26292,0.232,0.327,28881,0.744641806,0.2554,1.66,21506,479,7375,
1600000US0653896,653896,"Ontario, California",167496,30.9,51230,0.144,0.193,47233,0.745453391,0.2545,0.69,35210,327,12023,
1600000US0636546,636546,"Inglewood, California",111544,33.3,41254,0.173,0.239,36681,0.745617622,0.2544,0.83,27350,306,9331,
1600000US0652526,652526,"Norwalk, California",106588,33.6,58973,0.137,0.133,27085,0.74631715,0.2537,1.38,20214,374,6871,
1600000US4865000,4865000,"San Antonio, Texas",1409000,33,45399,0.258,0.196,493102,0.746841424,0.2532,0.58,368269,2847,124833,
1600000US4810912,4810912,"Bryan, Texas",78718,30.5,38522,0.286,0.293,28363,0.747241124,0.2528,0.09,21194,25,7169,
1600000US1380508,1380508,"Warner Robins, Georgia",72321,30.6,43953,0.18,0.215,27032,0.749519088,0.2505,0,20261,0,6771,
1600000US2646000,2646000,"Lansing, Michigan",114113,32.5,33356,0.233,0.318,49077,0.75029036,0.2497,0.7,36822,343,12255,
1600000US1714000,1714000,"Chicago, Illinois",2718789,33.7,47099,0.351,0.23,1030136,0.751022195,0.249,0.84,773655,8627,256481,
1600000US4835000,4835000,"Houston, Texas",2197374,32.7,45353,0.314,0.224,815266,0.751268911,0.2487,0.57,612484,4661,202782,
1600000US3961000,3961000,"Parma, Ohio",80427,42.9,50205,0.203,0.107,33438,0.753095281,0.2469,0.75,25182,251,8256,
1600000US4803000,4803000,"Amarillo, Texas",196691,33.1,45818,0.222,0.177,75280,0.754489904,0.2455,0.48,56798,362,18482,
1600000US2634000,2634000,"Grand Rapids, Michigan",192285,31.6,41669,0.335,0.252,72284,0.754897349,0.2451,0.76,54567,551,17717,
1600000US2938000,2938000,"Kansas City, Missouri",467082,35.2,45551,0.314,0.189,193340,0.756335988,0.2437,0.55,146230,1067,47110,
1600000US0908000,908000,"Bridgeport, Connecticut",147216,32.1,42687,0.184,0.217,48273,0.757338471,0.2427,0.11,36559,55,11714,
1600000US3649121,3649121,"Mount Vernon, New York",68218,37.3,49395,0.297,0.171,24180,0.757775021,0.2422,0.62,18323,151,5857,
1600000US0603666,603666,"Baldwin Park, California",76633,35,49755,0.103,0.154,17758,0.757911927,0.2421,1.82,13459,324,4299,
1600000US0455000,455000,"Phoenix, Arizona",1513350,32.8,46601,0.267,0.236,517276,0.758693618,0.2413,0.51,392454,2623,124822,
1600000US0151000,151000,"Montgomery, Alabama",201335,34.5,43103,0.31,0.233,78388,0.759695362,0.2403,0.51,59551,401,18837,
1600000US2148006,2148006,"Louisville/Jefferson County metro government (balance), Kentucky",609908,37.9,44893,0.273,0.174,247847,0.760013234,0.24,0.72,188367,1781,59480,
1600000US1303440,1303440,"Athens-Clarke County unified government (balance), Georgia",120212,26.1,31406,0.356,0.38,44046,0.760364165,0.2396,0.8,33491,354,10555,
1600000US5560500,5560500,"Oshkosh, Wisconsin",66771,34.9,37218,0.262,0.213,26732,0.760698788,0.2393,1.09,20335,291,6397,
1600000US4454640,4454640,"Pawtucket, Rhode Island",71178,34.5,40624,0.176,0.224,25592,0.761644264,0.2384,0.63,19492,162,6100,
1600000US2674900,2674900,"Southfield, Michigan",73012,42.1,49369,0.34,0.182,31181,0.762130785,0.2379,0.13,23764,41,7417,
1600000US0682590,682590,"Victorville, California",121080,29.7,42765,0.098,0.229,31317,0.762493215,0.2375,0.14,23879,43,7438,
1600000US1238250,1238250,"Lakeland, Florida",100697,40.6,40126,0.26,0.199,38532,0.762950275,0.237,0.49,29398,190,9134,
1600000US1212875,1212875,"Clearwater, Florida",109705,43,44768,0.259,0.171,46914,0.763290276,0.2367,0.09,35809,40,11105,
1600000US1921000,1921000,"Des Moines, Iowa",207293,32.8,45110,0.239,0.207,82095,0.763469152,0.2365,1.12,62677,922,19418,
1600000US3725580,3725580,"Gastonia, North Carolina",73205,37.1,40374,0.232,0.239,27706,0.763769581,0.2362,0.79,21161,219,6545,
1600000US1258050,1258050,"Pompano Beach, Florida",104406,42.1,40191,0.246,0.243,41007,0.763796425,0.2362,1.06,31321,434,9686,
1600000US3271400,3271400,"Sunrise Manor CDP, Nevada",181454,34.8,40659,0.116,0.242,58222,0.764693758,0.2353,0.93,44522,539,13700,
1600000US1239925,1239925,"Lehigh Acres CDP, Florida",118806,33.3,37691,0.138,0.239,31492,0.765432491,0.2346,1.38,24105,435,7387,
1600000US4419180,4419180,"Cranston, Rhode Island",80575,40.1,61441,0.309,0.113,29837,0.765660086,0.2343,0.43,22845,127,6992,
1600000US0541000,541000,"Little Rock, Arkansas",197357,36.1,44546,0.369,0.187,77116,0.766741014,0.2333,0.89,59128,689,17988,
1600000US3254600,3254600,"Paradise CDP, Nevada",225861,35.2,45201,0.214,0.168,85004,0.767069785,0.2329,0.53,65204,454,19800,
1600000US3419390,3419390,"East Orange, New Jersey",64543,36,36871,0.162,0.21,24450,0.767525562,0.2325,0.62,18766,151,5684,
1600000US0686972,686972,"Yuba City, California",65410,34.4,46256,0.163,0.22,20950,0.767923628,0.2321,0,16088,0,4862,
1600000US2935000,2935000,"Independence, Missouri",117246,41.3,42298,0.17,0.171,49305,0.768279079,0.2317,0.77,37880,379,11425,
1600000US0137000,137000,"Huntsville, Alabama",186416,36.8,48199,0.392,0.196,79539,0.768641798,0.2314,1.07,61137,854,18402,
1600000US4738320,4738320,"Johnson City, Tennessee",65796,38.8,41416,0.385,0.198,28172,0.769380946,0.2306,0.46,21675,129,6497,
1600000US0656700,656700,"Perris, California",72334,28.9,50035,0.122,0.181,16881,0.769681891,0.2303,0.23,12993,39,3888,
1600000US2509000,2509000,"Brockton, Massachusetts",94101,35.4,51274,0.165,0.167,31800,0.769779874,0.2302,0.78,24479,249,7321,
1600000US3137000,3137000,"Omaha, Nebraska",434353,34.2,47512,0.338,0.181,171549,0.770584498,0.2294,0.59,132193,1018,39356,
1600000US3502000,3502000,"Albuquerque, New Mexico",556489,35.8,48357,0.342,0.188,217856,0.770687977,0.2293,0.92,167899,2014,49957,
1600000US4041850,4041850,"Lawton, Oklahoma",97142,30.4,37197,0.192,0.239,33750,0.770725926,0.2293,0.66,26012,224,7738,
1600000US0658072,658072,"Pomona, California",151349,31.1,51379,0.179,0.223,39470,0.77078794,0.2292,0.54,30423,212,9047,
1600000US4845384,4845384,"McAllen, Texas",136631,32,38223,0.269,0.268,41352,0.771183981,0.2288,1.61,31890,667,9462,
1600000US0622804,622804,"Escondido, California",148728,33.1,49233,0.204,0.196,44668,0.771603833,0.2284,0.81,34466,364,10202,
1600000US5370000,5370000,"Tacoma, Washington",203451,36.3,50807,0.264,0.177,81498,0.772644727,0.2274,0.59,62969,480,18529,
1600000US0659920,659920,"Redding, California",91124,38.1,40376,0.208,0.213,35087,0.77319235,0.2268,1.04,27129,365,7958,
1600000US5531000,5531000,"Green Bay, Wisconsin",104773,34.7,42519,0.236,0.173,42043,0.773208382,0.2268,0.71,32508,298,9535,
1600000US1256825,1256825,"Pine Hills CDP, Florida",67295,32.9,35583,0.114,0.175,20157,0.773279754,0.2267,1.71,15587,345,4570,
1600000US4261000,4261000,"Pittsburgh, Pennsylvania",305838,33.7,42004,0.397,0.227,130418,0.773466853,0.2265,0.71,100874,923,29544,
1600000US3570500,3570500,"Santa Fe, New Mexico",69969,44.8,49445,0.482,0.195,32027,0.77353483,0.2265,2.13,24774,681,7253,
1600000US3601000,3601000,"Albany, New York",98441,30.4,37097,0.374,0.257,41881,0.773668251,0.2263,1.15,32402,482,9479,
1600000US0655156,655156,"Palmdale, California",157146,31.6,55153,0.175,0.208,44467,0.773764814,0.2262,0.7,34407,313,10060,
1600000US0600884,600884,"Alhambra, California",84566,40.6,51532,0.364,0.181,30595,0.774048047,0.226,0.44,23682,136,6913,
1600000US2250115,2250115,"Metairie CDP, Louisiana",143630,40.4,52545,0.338,0.152,59686,0.774050866,0.2259,0.67,46200,402,13486,
1600000US0669000,669000,"Santa Ana, California",334241,30.2,47914,0.124,0.228,76284,0.774225263,0.2258,1.6,59061,1218,17223,
1600000US5157000,5157000,"Norfolk, Virginia",246139,30,44030,0.261,0.224,85484,0.774893547,0.2251,0.4,66241,344,19243,
1600000US5335275,5335275,"Kennewick, Washington",76760,33.7,51582,0.211,0.162,27630,0.775208107,0.2248,0.44,21419,121,6211,
1600000US1271000,1271000,"Tampa, Florida",352981,35.5,42649,0.354,0.214,146193,0.775851101,0.2241,0.33,113424,479,32769,
1600000US0633182,633182,"Hemet, California",81734,37.9,35024,0.111,0.272,30364,0.776017652,0.224,3.62,23563,1100,6801,
1600000US4822660,4822660,"Edinburg, Texas",80830,27.7,41938,0.312,0.254,23344,0.77685915,0.2231,0,18135,0,5209,
1600000US0668196,668196,"San Marcos, California",89375,36.5,56377,0.264,0.113,29636,0.776892968,0.2231,0.25,23024,73,6612,
1600000US3539380,3539380,"Las Cruces, New Mexico",101317,32.4,39495,0.361,0.242,39299,0.776940889,0.2231,1.23,30533,484,8766,
1600000US5147672,5147672,"Lynchburg, Virginia",78014,29.1,40477,0.318,0.24,29631,0.776990314,0.223,1.43,23023,425,6608,
1600000US1825000,1825000,"Fort Wayne, Indiana",251340,35.4,39878,0.24,0.211,101860,0.777969762,0.222,0.67,79244,684,22616,
1600000US3731400,3731400,"High Point, North Carolina",107229,36.4,42462,0.288,0.23,40800,0.778161765,0.2218,1.25,31749,509,9051,
1600000US1263000,1263000,"St. Petersburg, Florida",249702,43.4,43894,0.302,0.172,107522,0.778343037,0.2217,0.58,83689,624,23833,
1600000US4817000,4817000,"Corpus Christi, Texas",316389,34.7,49686,0.195,0.175,115854,0.778945915,0.2211,0.21,90244,239,25610,
1600000US0477000,477000,"Tucson, Arizona",526141,33.3,35720,0.252,0.253,207615,0.7795824,0.2204,1.19,161853,2463,45762,
1600000US4131250,4131250,"Gresham, Oregon",109410,34.7,46401,0.188,0.219,38775,0.779883946,0.2201,0.21,30240,82,8535,
1600000US2717000,2717000,"Duluth, Minnesota",86125,34.3,42176,0.317,0.224,36010,0.780005554,0.22,0.8,28088,288,7922,
1600000US3651000,3651000,"New York, New York",8405837,35.8,52223,0.357,0.209,3084861,0.7808958,0.2191,0.59,2408955,18123,675906,
1600000US1207875,1207875,"Boynton Beach, Florida",71103,44.5,46995,0.242,0.189,30296,0.780961183,0.219,2.11,23660,640,6636,
1600000US1224000,1224000,"Fort Lauderdale, Florida",172374,43.2,49263,0.338,0.213,74085,0.781170277,0.2188,0.55,57873,410,16212,
1600000US0446000,446000,"Mesa, Arizona",457595,35.5,47561,0.261,0.166,166515,0.78172537,0.2183,0.87,130169,1445,36346,
1600000US3728000,3728000,"Greensboro, North Carolina",279651,34.8,41150,0.383,0.206,115731,0.781778434,0.2182,1.29,90476,1498,25255,
1600000US4827000,4827000,"Fort Worth, Texas",794189,31.6,52430,0.282,0.201,269433,0.782424573,0.2176,0.9,210811,2438,58622,
1600000US0644000,644000,"Los Angeles, California",3884340,34.7,48466,0.314,0.23,1320167,0.782590384,0.2174,0.84,1033150,11149,287017,
1600000US1239425,1239425,"Largo, Florida",78415,48.2,38550,0.201,0.168,34234,0.782672197,0.2173,0.3,26794,104,7440,
1600000US1217200,1217200,"Deltona, Florida",86300,39.6,44909,0.15,0.157,29265,0.784315736,0.2157,0.15,22953,43,6312,
1600000US5322640,5322640,"Everett, Washington",105355,35.1,50874,0.241,0.178,41413,0.784487963,0.2155,1.6,32488,663,8925,
1600000US4853388,4853388,"Odessa, Texas",110406,30.6,58702,0.164,0.157,38870,0.78497556,0.215,0,30512,0,8358,
1600000US4752006,4752006,"Nashville-Davidson metropolitan government (balance), Tennessee",634465,33.9,46803,0.369,0.182,251718,0.785120651,0.2149,0.54,197629,1360,54089,
1600000US3403580,3403580,"Bayonne, New Jersey",65024,39.3,51826,0.304,0.189,24687,0.785190586,0.2148,0.38,19384,93,5303,
1600000US4055000,4055000,"Oklahoma City, Oklahoma",610617,34.1,46232,0.273,0.175,232102,0.785555489,0.2144,0.91,182329,2113,49773,
1600000US4830464,4830464,"Grand Prairie, Texas",183324,32.4,55290,0.256,0.165,59638,0.786126295,0.2139,0.71,46883,424,12755,
1600000US3734200,3734200,"Jacksonville, North Carolina",69075,24.3,40699,0.226,0.191,20666,0.786170522,0.2138,0.48,16247,100,4419,
1600000US4879000,4879000,"Wichita Falls, Texas",104900,32.6,42129,0.215,0.221,38748,0.786388975,0.2136,0.79,30471,308,8277,
1600000US3563460,3563460,"Rio Rancho, New Mexico",91928,38.2,56844,0.288,0.157,32868,0.786722648,0.2133,0.92,25858,301,7010,
1600000US3345140,3345140,"Manchester, New Hampshire",110369,36.2,51248,0.254,0.147,45632,0.787649018,0.2124,1.03,35942,468,9690,
1600000US0630000,630000,"Glendale, California",196000,40.2,50172,0.383,0.178,70660,0.787729975,0.2123,0.93,55661,659,14999,
1600000US5135000,5135000,"Hampton, Virginia",136699,35,43785,0.222,0.157,53255,0.788151347,0.2118,1.15,41973,613,11282,
1600000US0535710,535710,"Jonesboro, Arkansas",71547,31,39483,0.317,0.252,26475,0.788630784,0.2114,0.6,20879,160,5596,
1600000US2360545,2360545,"Portland, Maine",66316,35.8,40806,0.415,0.232,28026,0.789053022,0.2109,0.65,22114,182,5912,
1600000US1235000,1235000,"Jacksonville, Florida",842588,35.8,47424,0.268,0.173,314537,0.789175836,0.2108,0.79,248225,2491,66312,
1600000US1269700,1269700,"Sunrise, Florida",90133,40.1,44627,0.237,0.164,31800,0.789245283,0.2108,0.15,25098,49,6702,
1600000US0664000,664000,"Sacramento, California",479671,34.1,48034,0.294,0.234,175350,0.789341317,0.2107,0.56,138411,988,36939,
1600000US1245025,1245025,"Miami Beach, Florida",91019,41,44153,0.412,0.196,43832,0.789605767,0.2104,1.02,34610,447,9222,
1600000US3240000,3240000,"Las Vegas, Nevada",603525,36.6,49289,0.214,0.186,209439,0.790549993,0.2095,0.57,165572,1185,43867,
1600000US4652980,4652980,"Rapid City, South Dakota",70810,36.9,44960,0.273,0.184,28684,0.79078929,0.2092,0,22683,0,6001,
1600000US0664224,664224,"Salinas, California",155649,28.8,46901,0.123,0.197,40369,0.791077312,0.2089,0.53,31935,214,8434,
1600000US5176432,5176432,"Suffolk, Virginia",85728,38.3,60637,0.281,0.095,30989,0.791893898,0.2081,1.46,24540,452,6449,
1600000US0685292,685292,"Whittier, California",86618,36.1,61795,0.248,0.16,27299,0.791897139,0.2081,0.27,21618,75,5681,
1600000US1304000,1304000,"Atlanta, Georgia",447848,33.1,46485,0.484,0.248,185160,0.791947505,0.2081,0.56,146637,1029,38523,
1600000US1571550,1571550,"Urban Honolulu CDP, Hawaii",347907,40.6,61559,0.359,0.12,129756,0.792240821,0.2078,0.62,102798,804,26958,
1600000US0603526,603526,"Bakersfield, California",363630,30.2,54763,0.203,0.201,111136,0.792254535,0.2077,1.12,88048,1248,23088,
1600000US2642160,2642160,"Kalamazoo, Michigan",75542,25.3,33766,0.324,0.336,27961,0.792639748,0.2074,0.33,22163,93,5798,
1600000US3807200,3807200,"Bismarck, North Dakota",66063,36.2,56545,0.345,0.09,28761,0.793539863,0.2065,0.43,22823,123,5938,
1600000US4874144,4874144,"Tyler, Texas",100217,34.5,44467,0.285,0.215,38261,0.794438201,0.2056,0.41,30396,155,7865,
1600000US3702140,3702140,"Asheville, North Carolina",87251,37.6,42558,0.491,0.17,37411,0.795274117,0.2047,0.2,29752,75,7659,
1600000US1738570,1738570,"Joliet, Illinois",148411,33.1,59019,0.235,0.134,48027,0.796010577,0.204,0.43,38230,206,9797,
1600000US0681344,681344,"Upland, California",75420,36,56782,0.313,0.156,27452,0.796845403,0.2032,0.48,21875,131,5577,
1600000US2432650,2432650,"Glen Burnie CDP, Maryland",66760,35,57322,0.2,0.095,25707,0.796942467,0.2031,0.51,20487,132,5220,
1600000US0843000,843000,"Lakewood, Colorado",147220,39.5,55792,0.349,0.15,61496,0.797596592,0.2024,1.36,49049,837,12447,
1600000US0653000,653000,"Oakland, California",406228,36,54394,0.386,0.195,154214,0.797774521,0.2022,0.8,123028,1240,31186,
1600000US0660620,660620,"Richmond, California",107580,35.5,54638,0.257,0.168,36004,0.798105766,0.2019,1.42,28735,511,7269,
1600000US0682996,682996,"Vista, California",96919,35.5,45322,0.174,0.168,33065,0.79833661,0.2017,0.7,26397,232,6668,
1600000US2582000,2582000,"Worcester, Massachusetts",182538,32.7,45011,0.299,0.257,67065,0.798404533,0.2016,1.01,53545,679,13520,
1600000US0681666,681666,"Vallejo, California",118855,40.9,56532,0.234,0.17,41895,0.799212317,0.2008,0.22,33483,94,8412,
1600000US3918000,3918000,"Columbus, Ohio",822762,32.3,44426,0.336,0.227,329894,0.800075176,0.1999,0.64,263940,2096,65954,
1600000US0657456,657456,"Pittsburg, California",66703,34.6,61182,0.171,0.124,21368,0.800402471,0.1996,0.88,17103,189,4265,
1600000US1150000,1150000,"Washington, District of Columbia",646449,33.8,67572,0.551,0.189,271651,0.800453523,0.1995,0.69,217444,1885,54207,
1600000US0619766,619766,"Downey, California",113240,32.9,64386,0.2,0.104,31998,0.800706294,0.1993,1.49,25621,477,6377,
1600000US2507000,2507000,"Boston, Massachusetts",644710,31.7,53583,0.452,0.216,251757,0.801038303,0.199,0.4,201667,999,50090,
1600000US0629000,629000,"Garden Grove, California",175115,36.2,58631,0.188,0.171,46034,0.801320763,0.1987,0.89,36888,408,9146,
1600000US3684000,3684000,"Yonkers, New York",199764,38.8,65589,0.319,0.155,73972,0.801735792,0.1983,1.02,59306,755,14666,
1600000US1770122,1770122,"Skokie village, Illinois",65183,41.4,58437,0.486,0.155,21781,0.801937468,0.1981,0.51,17467,112,4314,
1600000US2621000,2621000,"Dearborn, Michigan",95888,30.9,46415,0.28,0.306,29844,0.802171291,0.1978,0.53,23940,157,5904,
1600000US1232000,1232000,"Hollywood, Florida",146522,42.5,44582,0.274,0.169,54557,0.803251645,0.1967,0.55,43823,298,10734,
1600000US5367000,5367000,"Spokane, Washington",210722,35.7,39385,0.277,0.212,86332,0.803352175,0.1966,1.27,69355,1098,16977,
1600000US0659444,659444,"Rancho Cordova, California",67919,36.3,49872,0.258,0.176,24032,0.80338715,0.1966,0.55,19307,133,4725,
1600000US5367167,5367167,"Spokane Valley, Washington",91111,39.8,46871,0.192,0.132,37107,0.803837551,0.1962,0.82,29828,303,7279,
1600000US3050200,3050200,"Missoula, Montana",69116,31.8,44232,0.444,0.223,28920,0.804322268,0.1957,0.3,23261,88,5659,
1600000US0613588,613588,"Citrus Heights, California",85288,37.9,47955,0.182,0.19,32916,0.804593511,0.1954,0.39,26484,129,6432,
1600000US3260600,3260600,"Reno, Nevada",233306,34.9,48740,0.304,0.188,90507,0.80468914,0.1953,1,72830,907,17677,
1600000US1840788,1840788,"Lafayette, Indiana",69720,30.9,40285,0.248,0.192,29623,0.804746312,0.1953,1.57,23839,465,5784,
1600000US0632548,632548,"Hawthorne, California",86204,31.1,43681,0.196,0.199,29038,0.805943936,0.1941,0.27,23403,77,5635,
1600000US5305280,5305280,"Bellingham, Washington",82635,31.5,39301,0.385,0.253,34018,0.806220236,0.1938,0.46,27426,156,6592,
1600000US0682954,682954,"Visalia, California",127758,31.9,47231,0.219,0.225,42999,0.806693179,0.1933,0.85,34687,364,8312,
1600000US1656260,1656260,"Nampa, Idaho",86514,31.4,39655,0.142,0.261,28560,0.807317927,0.1927,1.55,23057,443,5503,
1600000US0649270,649270,"Moreno Valley, California",201187,29.7,52625,0.13,0.204,50253,0.807474181,0.1925,0,40578,0,9675,
1600000US0820000,820000,"Denver, Colorado",649495,34.1,51089,0.444,0.187,273050,0.807511445,0.1925,0.77,220491,2112,52559,
1600000US5156000,5156000,"Newport News, Virginia",182020,32.8,49184,0.237,0.176,67538,0.807649027,0.1924,0.85,54547,576,12991,
1600000US3650617,3650617,"New Rochelle, New York",79453,40.5,66692,0.429,0.112,30045,0.807655184,0.1923,0.31,24266,94,5779,
1600000US3268585,3268585,"Spring Valley CDP, Nevada",188025,37,49111,0.226,0.147,73457,0.808813319,0.1912,0.64,59413,467,14044,
1600000US1268350,1268350,"Spring Hill CDP, Florida",101349,43.7,39500,0.125,0.162,37949,0.809270337,0.1907,0.84,30711,317,7238,
1600000US0684550,684550,"Westminster, California",91750,40.1,49656,0.218,0.208,27154,0.809788613,0.1902,0.58,21989,157,5165,
1600000US4804000,4804000,"Arlington, Texas",379565,32.4,51400,0.291,0.161,135015,0.810761767,0.1892,3.59,109465,4844,25550,
1600000US4837000,4837000,"Irving, Texas",228652,32.2,51722,0.368,0.142,82361,0.811706997,0.1883,0.83,66853,681,15508,
1600000US3436000,3436000,"Jersey City, New Jersey",257345,33.4,54700,0.418,0.206,97530,0.8122834,0.1877,0.47,79222,454,18308,
1600000US2537490,2537490,"Lynn, Massachusetts",91595,35.3,47155,0.212,0.202,32721,0.812322362,0.1877,0.24,26580,77,6141,
1600000US0637692,637692,"Jurupa Valley, California",98036,30.9,53982,0.115,0.137,24998,0.812785023,0.1872,0.44,20318,109,4680,
1600000US2240735,2240735,"Lafayette, Louisiana",124282,33.4,47784,0.332,0.177,48569,0.81294653,0.1871,0.09,39484,42,9085,
1600000US0680812,680812,"Turlock, California",70358,34.1,51780,0.215,0.198,23333,0.812968757,0.187,0,18969,0,4364,
1600000US1912000,1912000,"Cedar Rapids, Iowa",128422,36.4,49809,0.284,0.11,53145,0.813152695,0.1868,0.77,43215,407,9930,
1600000US3722920,3722920,"Fayetteville, North Carolina",204401,30.5,44924,0.256,0.184,80010,0.813223347,0.1868,0.74,65066,592,14944,
1600000US2758000,2758000,"St. Paul, Minnesota",294873,31.2,49469,0.404,0.22,110770,0.813559628,0.1864,1.12,90118,1242,20652,
1600000US0611530,611530,"Carson, California",92597,38.3,72280,0.253,0.111,25239,0.813780261,0.1862,0.19,20539,47,4700,
1600000US0643000,643000,"Long Beach, California",469384,34.2,52116,0.282,0.205,165125,0.813807721,0.1862,0.61,134380,1015,30745,
1600000US4474300,4474300,"Warwick, Rhode Island",81983,43.2,68548,0.328,0.069,35424,0.814391373,0.1856,0.29,28849,104,6575,
1600000US3774440,3774440,"Wilmington, North Carolina",112072,36.1,42834,0.417,0.221,49069,0.814424586,0.1856,0.19,39963,91,9106,
1600000US4845000,4845000,"Lubbock, Texas",239544,29.4,45728,0.279,0.188,88815,0.817080448,0.1829,1,72569,884,16246,
1600000US3268400,3268400,"Sparks, Nevada",93281,37.1,52804,0.217,0.133,36050,0.817198336,0.1828,0.41,29460,147,6590,
1600000US3728080,3728080,"Greenville, North Carolina",89142,25.9,35779,0.392,0.325,35490,0.817300648,0.1827,0.8,29006,285,6484,
1600000US4164900,4164900,"Salem, Oregon",160618,35.6,43436,0.258,0.196,59637,0.817378473,0.1826,0.53,48746,316,10891,
1600000US0604982,604982,"Bellflower, California",77594,34.8,55772,0.179,0.166,22988,0.818340003,0.1817,0.31,18812,72,4176,
1600000US1253000,1253000,"Orlando, Florida",255479,33.6,41345,0.352,0.22,103466,0.819428605,0.1806,0.85,84783,881,18683,
1600000US3006550,3006550,"Billings, Montana",109062,36.8,49247,0.282,0.154,44344,0.81963738,0.1804,1.77,36346,786,7998,
1600000US0602553,602553,"Arden-Arcade CDP, California",92438,38,46340,0.338,0.206,40190,0.819830804,0.1802,0.96,32949,387,7241,
1600000US1243975,1243975,"Melbourne, Florida",77490,47.3,35830,0.236,0.185,34639,0.81991397,0.1801,0.25,28401,85,6238,
1600000US3712000,3712000,"Charlotte, North Carolina",792849,33.3,51034,0.411,0.17,299823,0.82014055,0.1799,0.6,245897,1802,53926,
1600000US2743000,2743000,"Minneapolis, Minnesota",400079,32.1,50563,0.463,0.212,168011,0.820226057,0.1798,0.93,137807,1569,30204,
1600000US0846465,846465,"Loveland, Colorado",71331,37.7,51580,0.317,0.113,30308,0.820410453,0.1796,0.62,24865,188,5443,
1600000US4751560,4751560,"Murfreesboro, Tennessee",117039,30.7,52498,0.388,0.138,45345,0.820729959,0.1793,0.35,37216,157,8129,
1600000US4513330,4513330,"Charleston, South Carolina",130428,34.1,54970,0.518,0.16,54364,0.821867412,0.1781,0.93,44680,505,9684,
1600000US4659020,4659020,"Sioux Falls, South Dakota",163629,34.2,51158,0.335,0.103,66504,0.821950559,0.178,0.62,54663,412,11841,
1600000US5303180,5303180,"Auburn, Washington",73882,37.8,55105,0.225,0.176,29139,0.822162737,0.1778,0.17,23957,49,5182,
1600000US0660466,660466,"Rialto, California",101889,28.6,49269,0.119,0.193,25482,0.822462915,0.1775,0.83,20958,212,4524,
1600000US2146027,2146027,"Lexington-Fayette urban county, Kentucky",308428,34.2,47535,0.399,0.195,125138,0.824489763,0.1755,0.4,103175,501,21963,
1600000US2706616,2706616,"Bloomington, Minnesota",86321,41.8,66688,0.417,0.078,37022,0.824725839,0.1753,1.67,30533,617,6489,
1600000US4715160,4715160,"Clarksville, Tennessee",142355,29,47631,0.244,0.174,50911,0.826501149,0.1735,0.97,42078,494,8833,
1600000US1772000,1772000,"Springfield, Illinois",116858,37.1,48864,0.359,0.191,49401,0.827432643,0.1726,0.73,40876,362,8525,
1600000US0659962,659962,"Redlands, California",70000,33,61972,0.413,0.162,23956,0.827725831,0.1723,0.58,19829,139,4127,
1600000US0673430,673430,"South Whittier CDP, California",65365,32.8,61705,0.147,0.167,15763,0.828078411,0.1719,0.53,13053,84,2710,
1600000US0669070,669070,"Santa Barbara, California",90431,35.3,64434,0.454,0.127,34423,0.828428667,0.1716,1.26,28517,433,5906,
1600000US0608786,608786,"Buena Park, California",82885,34.4,76761,0.288,0.148,23151,0.828473932,0.1715,0.31,19180,71,3971,
1600000US2555745,2555745,"Quincy, Massachusetts",93490,39.4,61142,0.396,0.106,40240,0.82887674,0.1711,1.28,33354,517,6886,
1600000US5522300,5522300,"Eau Claire, Wisconsin",67155,31.3,42548,0.298,0.158,26665,0.828951809,0.171,0.99,22104,263,4561,
1600000US4967000,4967000,"Salt Lake City, Utah",191160,32.3,50827,0.436,0.171,73441,0.829087295,0.1709,0.69,60889,505,12552,
1600000US1706613,1706613,"Bloomington, Illinois",78911,33.8,60652,0.459,0.146,30752,0.82957206,0.1704,0.75,25511,232,5241,
1600000US0656000,656000,"Pasadena, California",139727,36.6,68172,0.493,0.163,54352,0.830015455,0.17,1.3,45113,705,9239,
1600000US5374060,5374060,"Vancouver, Washington",167410,36,47379,0.258,0.187,64090,0.831424559,0.1686,0.95,53286,609,10804,
1600000US5335415,5335415,"Kent, Washington",124410,34.3,52606,0.249,0.217,43876,0.831434041,0.1686,0.66,36480,290,7396,
1600000US0832155,832155,"Greeley, Colorado",96549,30,50484,0.294,0.193,32954,0.832159981,0.1678,0.8,27423,262,5531,
1600000US1225175,1225175,"Gainesville, Florida",127493,25.8,31600,0.415,0.366,50356,0.832512511,0.1675,0.17,41922,87,8434,
1600000US5502375,5502375,"Appleton, Wisconsin",74124,34.1,52088,0.317,0.107,29236,0.832535231,0.1675,0.47,24340,136,4896,
1600000US0973000,973000,"Stamford, Connecticut",126455,37.9,72706,0.43,0.124,48169,0.832755507,0.1672,0,40113,0,8056,
1600000US3128000,3128000,"Lincoln, Nebraska",268743,32.1,49419,0.364,0.169,106874,0.833102532,0.1669,0.81,89037,869,17837,
1600000US0633000,633000,"Hayward, California",151582,35.6,59269,0.247,0.132,46879,0.833144905,0.1669,0.85,39057,400,7822,
1600000US2964082,2964082,"St. Charles, Missouri",67566,35.1,53739,0.361,0.105,26477,0.833440344,0.1666,0,22067,0,4410,
1600000US4847892,4847892,"Mesquite, Texas",143341,33.1,46423,0.192,0.142,47649,0.833490734,0.1665,1.3,39715,621,7934,
1600000US0602000,602000,"Anaheim, California",345015,33.8,57550,0.249,0.185,99302,0.835350748,0.1646,0.57,82952,566,16350,
1600000US0653322,653322,"Oceanside, California",172795,37,48375,0.247,0.167,63130,0.835688262,0.1643,0.94,52757,592,10373,
1600000US0621712,621712,"El Cajon, California",102207,32.5,39965,0.163,0.297,32581,0.835855253,0.1641,0.19,27233,63,5348,
1600000US0613392,613392,"Chula Vista, California",256765,33.4,60882,0.256,0.156,76687,0.835969591,0.164,0.51,64108,394,12579,
1600000US2707966,2707966,"Brooklyn Park, Minnesota",78373,32.3,67537,0.276,0.112,26035,0.836412522,0.1636,1.08,21776,280,4259,
1600000US0523290,523290,"Fayetteville, Arkansas",78967,26.2,37369,0.458,0.272,30590,0.837397842,0.1626,0.14,25616,43,4974,
1600000US5116000,5116000,"Chesapeake, Virginia",230571,36.6,67252,0.285,0.093,80014,0.838215812,0.1618,0.54,67069,432,12945,
1600000US1703012,1703012,"Aurora, Illinois",202665,32.2,60809,0.32,0.136,61958,0.838777882,0.1612,0.73,51969,454,9989,
1600000US0602252,602252,"Antioch, California",107098,33.8,59356,0.194,0.162,34223,0.839406247,0.1606,1.1,28727,377,5496,
1600000US4848072,4848072,"Midland, Texas",123935,32.5,69530,0.284,0.103,43231,0.839860285,0.1601,0.24,36308,105,6923,
1600000US1608830,1608830,"Boise City, Idaho",214235,35.3,47847,0.415,0.16,87769,0.840741036,0.1593,1.65,73791,1446,13978,
1600000US0454050,454050,"Peoria, Arizona",162617,40.2,59377,0.289,0.115,59438,0.841515529,0.1585,0.67,50018,396,9420,
1600000US0611390,611390,"Carmichael CDP, California",66747,39.7,53858,0.359,0.149,26047,0.842323492,0.1577,0.77,21940,201,4107,
1600000US1272145,1272145,"Town 'n' Country CDP, Florida",77829,38.6,53250,0.273,0.122,29588,0.842943085,0.1571,0.16,24941,46,4647,
1600000US0804000,804000,"Aurora, Colorado",345814,33.5,49142,0.26,0.18,124381,0.843545236,0.1565,1.54,104921,1911,19460,
1600000US0623182,623182,"Fairfield, California",109302,32.6,61823,0.232,0.149,34112,0.843603424,0.1564,0.84,28777,287,5335,
1600000US1254000,1254000,"Palm Bay, Florida",104894,42.1,41056,0.188,0.224,38221,0.843907799,0.1561,1.27,32255,485,5966,
1600000US0918430,918430,"Danbury, Connecticut",83690,37.9,62404,0.286,0.111,29237,0.843999042,0.156,0.87,24676,255,4561,
1600000US2627440,2627440,"Farmington Hills, Michigan",81293,44.3,71043,0.505,0.087,34201,0.844127365,0.1559,1.28,28870,437,5331,
1600000US4813024,4813024,"Carrollton, Texas",126695,36.8,64188,0.372,0.114,46179,0.844149938,0.1559,0.74,38982,344,7197,
1600000US1236100,1236100,"Kendall CDP, Florida",71373,41.9,61639,0.437,0.079,26765,0.844909397,0.1551,1.4,22614,376,4151,
1600000US0617918,617918,"Daly City, California",104747,37.6,77505,0.339,0.096,32096,0.845525922,0.1545,0.78,27138,250,4958,
1600000US2688940,2688940,"Wyoming, Michigan",74114,32.8,47731,0.218,0.167,27658,0.845578133,0.1544,0.87,23387,242,4271,
1600000US4839148,4839148,"Killeen, Texas",137160,28,48066,0.202,0.143,43523,0.845644831,0.1544,0.73,36805,317,6718,
1600000US0662000,662000,"Riverside, California",316613,30.6,54300,0.237,0.2,89596,0.845774365,0.1542,0.57,75778,515,13818,
1600000US0650258,650258,"Napa, California",79059,36.3,65517,0.266,0.087,27476,0.846593391,0.1534,1.26,23261,347,4215,
1600000US5357745,5357745,"Renton, Washington",96987,35.2,57707,0.377,0.132,38197,0.84661099,0.1534,0.17,32338,66,5859,
1600000US1707133,1707133,"Bolingbrook village, Illinois",74969,33.5,76103,0.365,0.095,20352,0.846796384,0.1532,0.81,17234,165,3118,
1600000US2430325,2430325,"Frederick, Maryland",66910,35.9,62285,0.406,0.121,27125,0.846894009,0.1531,1.16,22972,315,4153,
1600000US2562535,2562535,"Somerville, Massachusetts",78814,33.9,70729,0.523,0.131,32520,0.847201722,0.1528,0,27551,0,4969,
1600000US2676460,2676460,"Sterling Heights, Michigan",131204,42.8,57732,0.258,0.155,49365,0.84721969,0.1528,0.69,41823,343,7542,
1600000US4965330,4965330,"St. George, Utah",76824,34.6,53524,0.369,0.158,26205,0.847242893,0.1528,1.35,22202,354,4003,
1600000US0645484,645484,"Manteca, California",71949,33,65215,0.166,0.134,21845,0.847470817,0.1525,0.7,18513,152,3332,
1600000US3825700,3825700,"Fargo, North Dakota",112510,29.7,44845,0.379,0.189,49568,0.847744513,0.1523,0.6,42021,297,7547,
1600000US2649000,2649000,"Livonia, Michigan",95212,44.3,68329,0.384,0.035,37355,0.84805247,0.1519,0.97,31679,364,5676,
1600000US4829000,4829000,"Garland, Texas",234694,33.5,45848,0.211,0.189,77958,0.848572308,0.1514,0.38,66153,295,11805,
1600000US3413690,3413690,"Clifton, New Jersey",85379,38.1,77225,0.296,0.074,27746,0.8489512,0.151,0.28,23555,78,4191,
1600000US1254200,1254200,"Palm Coast, Florida",79378,46.2,47498,0.195,0.162,27195,0.849053135,0.1509,2.01,23090,547,4105,
1600000US0646842,646842,"Menifee, California",83459,37.6,55264,0.164,0.095,27774,0.849571542,0.1504,1.14,23596,316,4178,
1600000US0673262,673262,"South San Francisco, California",66174,38.3,81361,0.284,0.073,19958,0.849784548,0.1502,0.61,16960,122,2998,
1600000US0845970,845970,"Longmont, Colorado",90075,37.5,65096,0.373,0.155,33661,0.850123288,0.1499,1.58,28616,532,5045,
1600000US3719000,3719000,"Durham, North Carolina",245466,32.7,50522,0.482,0.182,99643,0.85035577,0.1496,0.65,84732,645,14911,
1600000US4983470,4983470,"West Valley City, Utah",133597,30.4,51027,0.133,0.2,36344,0.850566806,0.1494,0.81,30913,295,5431,
1600000US0667000,667000,"San Francisco, California",837442,38.7,77485,0.53,0.138,354651,0.850571407,0.1494,0.74,301656,2622,52995,
1600000US3473110,3473110,"Toms River CDP, New Jersey",89957,44.4,72964,0.28,0.038,33415,0.851114769,0.1489,1.55,28440,518,4975,
1600000US4105800,4105800,"Bend, Oregon",81236,36.6,48014,0.411,0.139,30413,0.851247822,0.1488,0.74,25889,225,4524,
1600000US4805000,4805000,"Austin, Texas",885415,32,56351,0.467,0.178,349200,0.851388889,0.1486,0.5,297305,1740,51895,
1600000US4134100,4134100,"Hillsboro, Oregon",97371,33.8,61073,0.316,0.127,34941,0.851864572,0.1481,0.2,29765,71,5176,
1600000US3714100,3714100,"Concord, North Carolina",83507,34.1,55551,0.319,0.136,27853,0.852044663,0.148,1.04,23732,291,4121,
1600000US4159000,4159000,"Portland, Oregon",611134,36.6,55571,0.46,0.182,253021,0.852391699,0.1476,0.79,215673,1998,37348,
1600000US0616000,616000,"Concord, California",125892,36.4,66086,0.29,0.136,45531,0.852496102,0.1475,0.21,38815,97,6716,
1600000US1723074,1723074,"Elgin, Illinois",108694,32.3,59703,0.226,0.155,33257,0.853203837,0.1468,0.83,28375,276,4882,
1600000US0610046,610046,"Camarillo, California",66076,38,89641,0.373,0.041,23370,0.853487377,0.1465,0.11,19946,26,3424,
1600000US5584250,5584250,"Waukesha, Wisconsin",71026,33.7,61757,0.35,0.122,28389,0.854204093,0.1458,0.29,24250,81,4139,
1600000US0600562,600562,"Alameda, California",76413,42.5,75212,0.461,0.134,29846,0.854385847,0.1456,0.33,25500,98,4346,
1600000US3251800,3251800,"North Las Vegas, Nevada",226872,30.3,50133,0.148,0.159,66973,0.854448808,0.1456,0.43,57225,286,9748,
1600000US0665042,665042,"San Buenaventura (Ventura), California",108811,40.6,64363,0.33,0.114,41793,0.854568947,0.1454,0.69,35715,289,6078,
1600000US0614218,614218,"Clovis, California",99758,35.3,65095,0.321,0.134,32778,0.854780646,0.1452,2.47,28018,808,4760,
1600000US0639892,639892,"Lakewood, California",81136,37,75171,0.275,0.08,25341,0.854859714,0.1451,0.1,21663,26,3678,
1600000US3755000,3755000,"Raleigh, North Carolina",431897,32.8,55170,0.495,0.151,170554,0.856045593,0.144,0.35,146002,598,24552,
1600000US1805860,1805860,"Bloomington, Indiana",80693,23.4,27687,0.617,0.403,29578,0.856278315,0.1437,0.65,25327,193,4251,
1600000US0624680,624680,"Fontana, California",203008,30.2,64679,0.176,0.139,46968,0.856966445,0.143,0.33,40250,155,6718,
1600000US0672016,672016,"Simi Valley, California",126177,41.1,84673,0.305,0.052,42958,0.857837888,0.1422,0.12,36851,53,6107,
1600000US1208150,1208150,"Brandon CDP, Florida",115318,34.6,56502,0.273,0.121,40219,0.857977573,0.142,0.24,34507,95,5712,
1600000US2756896,2756896,"St. Cloud, Minnesota",67754,27.1,45091,0.278,0.275,24212,0.858004295,0.142,0.75,20774,181,3438,
1600000US0668084,668084,"San Leandro, California",87967,41.3,63803,0.304,0.144,32580,0.858133824,0.1419,0.64,27958,207,4622,
1600000US1270600,1270600,"Tallahassee, Florida",186408,26.4,39564,0.465,0.28,75202,0.858753757,0.1412,0.72,64580,541,10622,
1600000US5323515,5323515,"Federal Way, Washington",92717,35.8,55775,0.221,0.156,32142,0.858845125,0.1412,0.63,27605,201,4537,
1600000US0883835,883835,"Westminster, Colorado",110940,35.4,63520,0.338,0.079,41668,0.860900451,0.1391,0.95,35872,396,5796,
1600000US4052500,4052500,"Norman, Oklahoma",118200,29.1,48508,0.431,0.18,44889,0.86116866,0.1388,1.15,38657,517,6232,
1600000US2472450,2472450,"Silver Spring CDP, Maryland",76563,34.5,70412,0.499,0.118,29932,0.861218763,0.1388,0.3,25778,89,4154,
1600000US1216475,1216475,"Davie, Florida",96818,37.7,59344,0.358,0.141,34918,0.861274987,0.1387,0.42,30074,148,4844,
1600000US2524960,2524960,"Framingham CDP, Massachusetts",70448,35.9,65451,0.487,0.16,26519,0.862249708,0.1378,0.25,22866,67,3653,
1600000US0684200,684200,"West Covina, California",107741,36.7,63941,0.262,0.107,30801,0.862439531,0.1376,0.51,26564,157,4237,
1600000US1712385,1712385,"Champaign, Illinois",83421,25.9,38683,0.496,0.278,31325,0.862857143,0.1371,0.12,27029,38,4296,
1600000US0660102,660102,"Redwood City, California",80875,37.9,86358,0.444,0.081,28091,0.863016625,0.137,0.84,24243,237,3848,
1600000US0681554,681554,"Vacaville, California",94272,37.7,72925,0.236,0.098,30325,0.864699093,0.1353,0.96,26222,290,4103,
1600000US0135896,135896,"Hoover, Alabama",84128,37.1,74782,0.529,0.071,33198,0.865262968,0.1347,0.34,28725,113,4473,
1600000US4845744,4845744,"McKinney, Texas",148544,33.9,78988,0.443,0.08,48717,0.865365273,0.1346,0.28,42158,138,6559,
1600000US3231900,3231900,"Henderson, Nevada",270798,41.9,60819,0.296,0.107,105373,0.865420933,0.1346,1.06,91192,1121,14181,
1600000US1258715,1258715,"Port St. Lucie, Florida",170999,40.9,48562,0.172,0.173,57077,0.866513657,0.1335,0.27,49458,155,7619,
1600000US0670098,670098,"Santa Rosa, California",171996,38.2,57539,0.306,0.137,64997,0.867501577,0.1325,0.89,56385,581,8612,
1600000US0816000,816000,"Colorado Springs, Colorado",439858,34.5,53550,0.371,0.129,169761,0.868273632,0.1317,0.98,147399,1670,22362,
1600000US2511000,2511000,"Cambridge, Massachusetts",107276,30.7,75137,0.744,0.14,43140,0.869656931,0.1303,0.4,37517,171,5623,
1600000US0410670,410670,"Casas Adobes CDP, Arizona",69653,38.1,53357,0.357,0.13,27323,0.870402225,0.1296,1.84,23782,503,3541,
1600000US5548000,5548000,"Madison, Wisconsin",243337,31.3,49546,0.541,0.205,107424,0.870513107,0.1295,0.85,93514,917,13910,
1600000US0203000,203000,"Anchorage municipality, Alaska",300950,32.4,79045,0.331,0.067,103445,0.871632268,0.1284,0.77,90166,797,13279,
1600000US0955990,955990,"Norwalk, Connecticut",87775,38.6,80382,0.418,0.089,32258,0.872186744,0.1278,0.29,28135,92,4123,
1600000US4123850,4123850,"Eugene, Oregon",159161,35,45573,0.393,0.241,65201,0.872854711,0.1271,0.38,56911,250,8290,
1600000US2915670,2915670,"Columbia, Missouri",115287,27.2,42898,0.548,0.272,46626,0.87290353,0.1271,0.61,40700,284,5926,
1600000US3350260,3350260,"Nashua, New Hampshire",87138,38.4,62808,0.303,0.133,33630,0.873059768,0.1269,0.23,29361,76,4269,
1600000US4819972,4819972,"Denton, Texas",123105,28.8,43976,0.368,0.217,43673,0.873148169,0.1269,0.41,38133,178,5540,
1600000US0681204,681204,"Union City, California",72540,36,73563,0.336,0.095,20006,0.873887834,0.1261,0.39,17483,79,2523,
1600000US0653980,653980,"Orange, California",139983,35.7,76630,0.292,0.127,41979,0.874580147,0.1254,0.71,36714,296,5265,
1600000US1702154,1702154,"Arlington Heights village, Illinois",76069,43.1,79940,0.514,0.035,29613,0.874615878,0.1254,0.14,25900,42,3713,
1600000US1768003,1768003,"Schaumburg village, Illinois",75850,36.6,76344,0.475,0.053,32314,0.874636381,0.1254,0.62,28263,201,4051,
1600000US0616350,616350,"Corona, California",159507,33.6,66094,0.263,0.148,48285,0.875240758,0.1248,0.78,42261,379,6024,
1600000US4861796,4861796,"Richardson, Texas",104477,37.9,71500,0.496,0.119,38324,0.875247886,0.1248,1.04,33543,397,4781,
1600000US1367284,1367284,"Roswell, Georgia",94029,36.8,72317,0.558,0.12,35066,0.875606,0.1244,0.23,30704,82,4362,
1600000US0613210,613210,"Chino, California",81001,34.2,71457,0.209,0.1,19107,0.87627571,0.1237,0.38,16743,72,2364,
1600000US1938595,1938595,"Iowa City, Iowa",71598,25.5,39467,0.647,0.28,29941,0.876490431,0.1235,0.53,26243,158,3698,
1600000US4943660,4943660,"Layton, Utah",70798,29.2,65700,0.294,0.077,22086,0.877343113,0.1227,0.5,19377,111,2709,
1600000US0662938,662938,"Roseville, California",127039,37.4,75153,0.361,0.083,45988,0.877381056,0.1226,0.44,40349,202,5639,
1600000US0608954,608954,"Burbank, California",104717,39.3,59314,0.401,0.124,42757,0.877446968,0.1226,0.54,37517,229,5240,
1600000US5363000,5363000,"Seattle, Washington",652429,36.1,70172,0.598,0.142,297920,0.877702068,0.1223,0.62,261485,1855,36435,
1600000US4962470,4962470,"Provo, Utah",116289,23.5,38877,0.423,0.296,31527,0.880039331,0.12,0.5,27745,159,3782,
1600000US0666000,666000,"San Diego, California",1355885,33.4,63456,0.42,0.158,480730,0.880130219,0.1199,0.59,423105,2851,57625,
1600000US4009050,4009050,"Broken Arrow, Oklahoma",105013,36.8,65973,0.309,0.089,37461,0.880195403,0.1198,0.38,32973,142,4488,
1600000US1207300,1207300,"Boca Raton, Florida",89409,46.7,71050,0.526,0.078,37063,0.881148315,0.1189,0.49,32658,180,4405,
1600000US1210275,1210275,"Cape Coral, Florida",165849,44.6,47767,0.227,0.135,57341,0.882422699,0.1176,1.18,50599,679,6742,
1600000US1757225,1757225,"Palatine village, Illinois",69304,35.9,70940,0.485,0.128,25939,0.883572998,0.1164,1.42,22919,369,3020,
1600000US0473000,473000,"Tempe, Arizona",168231,28.7,48565,0.431,0.215,63682,0.883797619,0.1162,0.47,56282,298,7400,
1600000US0803455,803455,"Arvada, Colorado",112028,38.2,69581,0.389,0.101,43575,0.883809524,0.1162,0.85,38512,370,5063,
1600000US0668000,668000,"San Jose, California",998514,36,80977,0.38,0.128,314210,0.884278031,0.1157,0.8,277849,2499,36361,
1600000US0877290,877290,"Thornton, Colorado",127352,33.2,63507,0.263,0.07,42336,0.884495465,0.1155,0.76,37446,320,4890,
1600000US2038900,2038900,"Lawrence, Kansas",92730,29,50150,0.534,0.182,34991,0.885656312,0.1143,0.23,30990,81,4001,
1600000US0628000,628000,"Fullerton, California",138979,33.2,65105,0.371,0.19,44304,0.885879379,0.1141,0,39248,0,5056,
1600000US4727740,4727740,"Franklin, Tennessee",68872,37.9,82300,0.612,0.075,26966,0.88611585,0.1139,0.6,23895,163,3071,
1600000US0613014,613014,"Chico, California",88075,31.2,44491,0.379,0.236,35302,0.886267067,0.1137,0.17,31287,61,4015,
1600000US1652120,1652120,"Meridian, Idaho",83594,34.7,63305,0.341,0.091,28710,0.886833856,0.1132,1.47,25461,422,3249,
1600000US1255775,1255775,"Pembroke Pines, Florida",162333,39.8,63357,0.336,0.085,54492,0.887176099,0.1128,0.84,48344,457,6148,
1600000US1724582,1724582,"Evanston, Illinois",75579,34.4,68321,0.658,0.124,28326,0.887276707,0.1127,1.33,25133,377,3193,
1600000US0641992,641992,"Livermore, California",85169,37.8,91790,0.414,0.067,29509,0.887491952,0.1125,0.08,26189,25,3320,
1600000US5101000,5101000,"Alexandria, Virginia",148892,36,86775,0.622,0.082,65595,0.888101227,0.1119,0.61,58255,403,7340,
1600000US0636000,636000,"Huntington Beach, California",197577,40.5,82948,0.421,0.094,74461,0.889257464,0.1107,0.56,66215,418,8246,
1600000US4105350,4105350,"Beaverton, Oregon",93525,36.2,56130,0.37,0.133,38494,0.889359381,0.1106,0.28,34235,108,4259,
1600000US2481175,2481175,"Waldorf CDP, Maryland",69685,35.6,84919,0.28,0.093,25267,0.889539716,0.1105,0.13,22476,34,2791,
1600000US2754880,2754880,"Rochester, Minnesota",110731,35.5,62152,0.427,0.089,43712,0.890281845,0.1097,0.75,38916,330,4796,
1600000US2941348,2941348,"Lee's Summit, Missouri",93669,36.6,77014,0.406,0.07,33628,0.890626859,0.1094,0.41,29950,138,3678,
1600000US0639496,639496,"Lake Forest, California",79300,40,83544,0.424,0.064,26534,0.890932389,0.1091,0.9,23640,240,2894,
1600000US0680854,680854,"Tustin, California",78326,34.2,66396,0.391,0.121,25415,0.891678143,0.1083,0,22662,0,2753,
1600000US0669088,669088,"Santa Clarita, California",179582,37,81802,0.342,0.109,59940,0.892592593,0.1074,0.64,53502,384,6438,
1600000US0678582,678582,"Thousand Oaks, California",128739,43.2,101417,0.508,0.069,46716,0.892713417,0.1073,0.63,41704,292,5012,
1600000US0670000,670000,"Santa Monica, California",92484,40.8,67060,0.657,0.118,48280,0.892916321,0.1071,1.71,43110,828,5170,
1600000US1245975,1245975,"Miramar, Florida",130281,34.4,55846,0.292,0.093,37734,0.894657338,0.1053,0.4,33759,152,3975,
1600000US0678120,678120,"Temecula, California",106783,34.7,78165,0.287,0.076,31802,0.894755047,0.1052,0.54,28455,173,3347,
1600000US5182000,5182000,"Virginia Beach, Virginia",448479,35,62855,0.347,0.088,165428,0.894969413,0.105,0.36,148053,597,17375,
1600000US1368516,1368516,"Sandy Springs, Georgia",99769,36.6,59196,0.56,0.147,44444,0.895463955,0.1045,0.32,39798,142,4646,
1600000US4957300,4957300,"Orem, Utah",91650,26.7,51944,0.375,0.196,26715,0.895489425,0.1045,0.57,23923,153,2792,
1600000US2053775,2053775,"Overland Park, Kansas",181273,37.7,69759,0.586,0.063,75038,0.896439138,0.1036,0.16,67267,117,7771,
1600000US1200410,1200410,"Alafaya CDP, Florida",76821,32.6,62056,0.474,0.178,25459,0.897128717,0.1029,0,22840,0,2619,
1600000US0647766,647766,"Milpitas, California",69796,36.7,90077,0.44,0.112,20668,0.897232437,0.1028,1.73,18544,357,2124,
1600000US0659451,659451,"Rancho Cucamonga, California",171359,35.2,82489,0.358,0.081,54674,0.898434356,0.1016,0.21,49121,113,5553,
1600000US0650076,650076,"Murrieta, California",107457,34.3,72385,0.298,0.084,33271,0.898740645,0.1013,0.7,29902,234,3369,
1600000US0668252,668252,"San Mateo, California",101132,40.2,83791,0.453,0.086,38499,0.899789605,0.1002,0.82,34641,316,3858,
1600000US4852356,4852356,"North Richland Hills, Texas",67319,35.6,60987,0.29,0.055,26333,0.899973417,0.1,0.39,23699,104,2634,
1600000US4023200,4023200,"Edmond, Oklahoma",87002,36.4,76464,0.549,0.08,32956,0.900534045,0.0995,0.29,29678,95,3278,
1600000US0622020,622020,"Elk Grove, California",161029,34.6,70713,0.353,0.117,48838,0.901101601,0.0989,0.45,44008,222,4830,
1600000US2954074,2954074,"O'Fallon, Missouri",82802,36,77352,0.383,0.041,29036,0.902982504,0.097,0.95,26219,275,2817,
1600000US0669084,669084,"Santa Clara, California",120250,34.3,95415,0.562,0.088,43279,0.905404469,0.0946,0.76,39185,329,4094,
1600000US2751730,2751730,"Plymouth, Minnesota",73987,38.5,72634,0.536,0.068,30294,0.905756916,0.0942,1.52,27439,460,2855,
1600000US0616532,616532,"Costa Mesa, California",112184,33.3,65149,0.388,0.141,40177,0.906364338,0.0936,0.72,36415,290,3762,
1600000US0464210,464210,"San Tan Valley CDP, Arizona",93346,30.2,57005,0.152,0.155,26288,0.906497261,0.0935,0.42,23830,110,2458,
1600000US0626000,626000,"Fremont, California",224904,36.9,104838,0.535,0.066,74204,0.906541426,0.0935,0.24,67269,179,6935,
1600000US0660018,660018,"Redondo Beach, California",67816,42,95587,0.552,0.045,28521,0.907015883,0.093,0.89,25869,253,2652,
1600000US0649670,649670,"Mountain View, California",77839,35.6,109802,0.682,0.082,32824,0.907963685,0.092,0,29803,0,3021,
1600000US2603000,2603000,"Ann Arbor, Michigan",117034,27.5,60147,0.722,0.237,46560,0.908097079,0.0919,1.08,42281,503,4279,
1600000US0611194,611194,"Carlsbad, California",110977,43,82681,0.507,0.119,43572,0.908152024,0.0918,1.57,39570,682,4002,
1600000US0606000,606000,"Berkeley, California",116774,31.7,61960,0.682,0.193,46030,0.908277211,0.0917,0.51,41808,234,4222,
1600000US4982950,4982950,"West Jordan, Utah",110064,29.8,66264,0.207,0.096,31566,0.908382437,0.0916,2.17,28674,684,2892,
1600000US4872656,4872656,"The Woodlands CDP, Texas",100843,38.7,114609,0.6,0.064,36186,0.908832145,0.0912,0.81,32887,293,3299,
1600000US2431175,2431175,"Gaithersburg, Maryland",65689,35.6,79420,0.517,0.118,23932,0.909326425,0.0907,0.23,21762,56,2170,
1600000US0412000,412000,"Chandler, Arizona",249139,34.1,71545,0.393,0.104,84762,0.90986527,0.0901,0.37,77122,310,7640,
1600000US3223770,3223770,"Enterprise CDP, Nevada",121164,35.6,68981,0.31,0.076,42026,0.91000809,0.09,0,38244,0,3782,
1600000US0683346,683346,"Walnut Creek, California",66890,47,75759,0.616,0.085,30189,0.910364702,0.0896,0.49,27483,149,2706,
1600000US2680700,2680700,"Troy, Michigan",82822,40.9,82557,0.589,0.092,30443,0.910685543,0.0893,0.4,27724,121,2719,
1600000US2052575,2052575,"Olathe, Kansas",131903,34.5,75304,0.453,0.068,45387,0.911141957,0.0889,0.74,41354,335,4033,
1600000US2426000,2426000,"Ellicott City CDP, Maryland",69535,41.7,116106,0.633,0.062,24092,0.911422879,0.0886,0.39,21958,95,2134,
1600000US2717288,2717288,"Eagan, Minnesota",65453,36.5,75929,0.52,0.073,26155,0.911489199,0.0885,0.71,23840,185,2315,
1600000US0680000,680000,"Torrance, California",147485,43.1,76597,0.45,0.064,56789,0.91177869,0.0882,0.78,51779,445,5010,
1600000US0423620,423620,"Flagstaff, Arizona",68661,26.9,52854,0.431,0.244,25531,0.912381027,0.0876,0.24,23294,62,2237,
1600000US1751622,1751622,"Naperville, Illinois",144736,38,105882,0.633,0.044,49686,0.912872841,0.0871,0.79,45357,395,4329,
1600000US0655282,655282,"Palo Alto, California",66638,42.6,121074,0.816,0.067,26315,0.912977389,0.087,0.36,24025,94,2290,
1600000US2432025,2432025,"Germantown CDP, Maryland",94958,34.4,83840,0.47,0.084,32198,0.913752407,0.0862,1.02,29421,330,2777,
1600000US4967440,4967440,"Sandy, Utah",90215,34.8,77719,0.407,0.079,29484,0.913919414,0.0861,3.15,26946,928,2538,
1600000US0827425,827425,"Fort Collins, Colorado",152056,30.2,56464,0.511,0.176,57908,0.914398701,0.0856,0.75,52951,437,4957,
1600000US5103000,5103000,"Arlington CDP, Virginia",224906,33.8,102501,0.743,0.098,98973,0.914602973,0.0854,0.81,90521,798,8452,
1600000US4863500,4863500,"Round Rock, Texas",109835,32.5,65731,0.339,0.088,37153,0.915969101,0.084,0.75,34031,280,3122,
1600000US4842508,4842508,"Lewisville, Texas",101154,32.1,57457,0.324,0.106,36845,0.916243724,0.0838,0.78,33759,288,3086,
1600000US0657792,657792,"Pleasanton, California",74112,43.2,121622,0.612,0.048,26500,0.916679245,0.0833,0.17,24292,46,2208,
1600000US5114440,5114440,"Centreville CDP, Virginia",72622,35.6,102361,0.58,0.044,24704,0.918798575,0.0812,0.15,22698,38,2006,
1600000US5121088,5121088,"Dale City CDP, Virginia",66259,33.5,86636,0.25,0.045,19498,0.918812186,0.0812,0.22,17915,43,1583,
1600000US2740166,2740166,"Maple Grove, Minnesota",65406,38.7,92138,0.505,0.07,23733,0.919099987,0.0809,0.71,21813,169,1920,
1600000US0677000,677000,"Sunnyvale, California",147559,36.5,98623,0.596,0.073,56034,0.919566692,0.0804,0.36,51527,204,4507,
1600000US0686832,686832,"Yorba Linda, California",67042,43.6,101668,0.514,0.041,21955,0.919972671,0.08,0.74,20198,163,1757,
1600000US0471510,471510,"Surprise, Arizona",123569,42.6,55857,0.288,0.105,48007,0.920115816,0.0799,0.75,44172,361,3835,
1600000US1214400,1214400,"Coral Springs, Florida",126595,35.4,61129,0.332,0.108,40545,0.920310766,0.0797,0.21,37314,85,3231,
1600000US4815976,4815976,"College Station, Texas",100036,22.6,31940,0.512,0.347,35021,0.920476286,0.0795,0,32236,0,2785,
1600000US0668378,668378,"San Ramon, California",74514,39.4,131309,0.662,0.043,25017,0.92057401,0.0794,0,23030,0,1987,
1600000US0465000,465000,"Scottsdale, Arizona",226909,44.7,69690,0.542,0.093,99860,0.920889245,0.0791,0.44,91960,438,7900,
1600000US4858016,4858016,"Plano, Texas",273519,38.2,80448,0.563,0.082,105977,0.922775697,0.0772,0.15,97793,164,8184,
1600000US0665084,665084,"San Clemente, California",65021,41,91304,0.433,0.104,24902,0.924423741,0.0756,0,23020,0,1882,
1600000US4801924,4801924,"Allen, Texas",92025,35,91204,0.472,0.072,30231,0.925176144,0.0748,0.26,27969,80,2262,
1600000US2669035,2669035,"Rochester Hills, Michigan",72957,43.1,80169,0.553,0.041,27470,0.925591554,0.0744,0.17,25426,48,2044,
1600000US1260950,1260950,"Riverview CDP, Florida",75934,35.5,66552,0.263,0.075,25314,0.925969819,0.074,0.58,23440,147,1874,
1600000US4856348,4856348,"Pearland, Texas",102491,34.6,95464,0.46,0.046,35067,0.925998802,0.074,0.92,32472,322,2595,
1600000US4548535,4548535,"Mount Pleasant, South Carolina",74876,36.8,84057,0.604,0.056,28482,0.926830981,0.0732,0.08,26398,23,2084,
1600000US0807850,807850,"Boulder, Colorado",103163,27.7,57428,0.75,0.211,42307,0.927198809,0.0728,0.34,39227,145,3080,
1600000US0624638,624638,"Folsom, California",73099,39,97196,0.447,0.046,25789,0.927333359,0.0727,0.72,23915,186,1874,
1600000US0648256,648256,"Mission Viejo, California",96350,46,96639,0.472,0.047,34809,0.927375104,0.0726,0.23,32281,80,2528,
1600000US0651182,651182,"Newport Beach, California",87265,44.6,104523,0.633,0.075,37332,0.928211722,0.0718,1.44,34652,539,2680,
1600000US2545560,2545560,"Newton, Massachusetts",87977,40.5,116612,0.774,0.054,32432,0.928373212,0.0716,0.34,30109,111,2323,
1600000US2407125,2407125,"Bethesda CDP, Maryland",66364,42.8,149932,0.774,0.028,25478,0.930489049,0.0695,0.45,23707,115,1771,
1600000US1257425,1257425,"Plantation, Florida",90280,42,68973,0.394,0.075,32672,0.930705191,0.0693,0.36,30408,119,2264,
1600000US0618100,618100,"Davis, California",66197,28.1,61525,0.71,0.256,24871,0.931124603,0.0689,0.6,23158,149,1713,
1600000US0427400,427400,"Gilbert, Arizona",229989,33.2,81589,0.416,0.059,72012,0.934274843,0.0657,0.32,67279,229,4733,
1600000US0428380,428380,"Goodyear, Arizona",72862,36.5,72219,0.293,0.108,23549,0.934604442,0.0654,0.37,22009,86,1540,
1600000US5305210,5305210,"Bellevue, Washington",133990,38.4,92942,0.619,0.091,52279,0.935672067,0.0643,0.21,48916,112,3363,
1600000US2419125,2419125,"Columbia CDP, Maryland",102907,38.1,100902,0.647,0.056,39823,0.939909098,0.0601,0.14,37430,56,2393,
1600000US0680238,680238,"Tracy, California",84683,30.9,75763,0.206,0.07,25150,0.940755467,0.0592,0,23660,0,1490,
1600000US1342425,1342425,"Johns Creek, Georgia",82761,39,102251,0.634,0.04,26791,0.941024971,0.059,0.43,25211,115,1580,
1600000US4804462,4804462,"Atascocita CDP, Texas",65166,32.6,80127,0.319,0.042,19463,0.941941119,0.0581,0.6,18333,117,1130,
1600000US2771428,2771428,"Woodbury, Minnesota",65659,37.2,96099,0.549,0.03,24071,0.942960409,0.057,0.46,22698,111,1373,
1600000US4870808,4870808,"Sugar Land, Texas",83851,43.9,98985,0.54,0.027,27493,0.943658386,0.0563,0.45,25944,123,1549,
1600000US4827684,4827684,"Frisco, Texas",136783,35.7,109956,0.562,0.045,45378,0.946758341,0.0532,1.02,42962,463,2416,
1600000US1276582,1276582,"Weston, Florida",68386,40.4,91844,0.562,0.078,21675,0.947727797,0.0523,1.72,20542,372,1133,
1600000US4848804,4848804,"Missouri City, Texas",69521,40.7,89380,0.463,0.065,22219,0.948872587,0.0511,0.7,21083,155,1136,
1600000US5335940,5335940,"Kirkland, Washington",84434,38.4,93655,0.584,0.063,35441,0.949013854,0.051,0.75,33634,265,1807,
1600000US4841980,4841980,"League City, Texas",92163,35.7,84497,0.426,0.052,34347,0.950912743,0.0491,0.51,32661,175,1686,
1600000US0636770,636770,"Irvine, California",236724,34.8,87830,0.612,0.121,84808,0.953494953,0.0465,0.32,80864,273,3944,
1600000US1810342,1810342,"Carmel, Indiana",84542,39.5,100358,0.68,0.052,30868,0.954321628,0.0457,1.43,29458,442,1410,
1600000US3710740,3710740,"Cary, North Carolina",151560,36.1,89405,0.637,0.055,57544,0.95537328,0.0446,0.25,54976,142,2568,
1600000US0836410,836410,"Highlands Ranch CDP, Colorado",106264,35.7,108218,0.624,0.025,36087,0.955662704,0.0443,0.47,34487,171,1600,
1600000US0613214,613214,"Chino Hills, California",76575,37.2,94826,0.453,0.022,23398,0.957945124,0.0421,1.82,22414,427,984,This enclave outside Los Angeles 
1600000US0812815,812815,"Centennial, Colorado",106101,40.1,90200,0.54,0.069,38514,0.960274186,0.0397,1.56,36984,601,1530,
1600000US4826232,4826232,"Flower Mound, Texas",68397,40.7,116898,0.574,0.023,23504,0.962134105,0.0379,0,22614,0,890,
1600000US1823278,1823278,"Fishers, Indiana",85588,34.9,95590,0.605,0.05,28519,0.970616081,0.0294,0.45,27681,129,838,"A wealthy suburb of Indianapolis, Fishers has one of the highest median incomes in the state."
